system:index,IDDIST,mean
00000000000000000132,010103,0.0050371001522876374
000000000000000001fd,010110,0.005795664017461606
0000000000000000022d,010109,0.0059571424262095905
00000000000000000237,010118,0.006715489245807101
0000000000000000023a,010101,0.005940431555346271
00000000000000000248,010112,0.0058547731367771545
00000000000000000250,010108,0.006585572156252942
00000000000000000256,010105,0.008077843044302212
00000000000000000261,010102,0.008621428636072744
00000000000000000262,010116,0.009151126008191908
000000000000000002ab,010104,0.007023034400641065
00000000000000000345,010107,0.009058616947303193
00000000000000000346,010117,0.0084909293164011
0000000000000000058a,010106,0.005219487822769697
00000000000000000612,010111,0.005724696410171074
00000000000000000642,010114,0.008102498892948756
00000000000000000644,010121,0.006865153384044476
00000000000000000656,010119,0.005799447955330117
00000000000000000665,010120,0.006376727517413417
00000000000000000667,010115,0.005881416806014917
0000000000000000066f,010113,0.005920175593099688
00000000000000000234,010206,0.005169935115469323
00000000000000000350,010201,0.0045315061014582336
00000000000000000636,010204,0.005748452321989438
0000000000000000063a,010203,0.006589302172818571
0000000000000000064a,010202,0.004372666915498523
00000000000000000698,010205,0.0065131636399250094
00000000000000000257,010303,0.0077681364729818405
0000000000000000025f,010309,0.007894803781643147
00000000000000000347,010311,0.007310264729014767
0000000000000000034b,010304,0.008162036025966246
0000000000000000062d,010306,0.008679546448610582
0000000000000000064c,010312,0.008562656460873503
00000000000000000657,010307,0.0083185023752982
00000000000000000659,010308,0.008770296026871007
0000000000000000065c,010305,0.008243782814022561
0000000000000000065d,010310,0.008898863428743978
0000000000000000065e,010302,0.00874595298023593
0000000000000000065f,010301,0.008038438450660563
00000000000000000265,010401,0.007759939174093972
00000000000000000699,010402,0.010287545812253185
0000000000000000069a,010403,0.008518551846925876
0000000000000000013c,010515,0.005958034277463737
0000000000000000013d,010504,0.005794350686253251
0000000000000000014a,010514,0.00487688665615259
00000000000000000187,010501,0.0068524620408695275
00000000000000000207,010520,0.00757531783192021
00000000000000000208,010518,0.008001520033982133
0000000000000000023c,010508,0.006315604891918115
00000000000000000249,010507,0.005428800455248946
0000000000000000024f,010506,0.00616876529084459
00000000000000000269,010517,0.005723022485094115
000000000000000002ac,010510,0.007225050936288019
000000000000000002ad,010505,0.0071322566602149305
00000000000000000344,010516,0.007346633175056958
00000000000000000352,010511,0.0054329494197681155
00000000000000000353,010519,0.005727545474454186
00000000000000000622,010509,0.00671604662206032
00000000000000000627,010502,0.006503926878213871
0000000000000000063f,010523,0.006705695306743189
00000000000000000641,010512,0.00658068459135636
00000000000000000652,010522,0.005551081374670142
00000000000000000664,010513,0.005742306590875345
00000000000000000673,010503,0.004862858990111428
00000000000000000674,010521,0.005747120758919435
0000000000000000013e,010603,0.0066133884467536146
0000000000000000022b,010604,0.006389701231623745
0000000000000000022e,010605,0.006020898339536223
00000000000000000239,010607,0.007418463888293039
00000000000000000252,010612,0.00685409571407368
0000000000000000060f,010601,0.006773998225984859
00000000000000000611,010606,0.007286955331678131
00000000000000000618,010602,0.006011148963448719
0000000000000000061b,010611,0.006251375714733614
0000000000000000062a,010608,0.006182494049162292
00000000000000000653,010609,0.006456513890548587
0000000000000000067c,010610,0.006359337341571876
00000000000000000209,010705,0.00793503675688836
0000000000000000025e,010706,0.0064463807078813965
00000000000000000264,010707,0.0055494694113066255
0000000000000000026c,010703,0.004280242349378222
0000000000000000034c,010704,0.0038883808323606803
00000000000000000633,010701,0.006367536018922876
00000000000000000687,010702,0.010555694063313902
000000000000000000e1,020104,0.0026465210100423105
000000000000000000f3,020107,0.0044711579402797585
000000000000000000f5,020103,0.003421261206405591
000000000000000000f6,020108,0.005616680613028757
000000000000000000f7,020109,0.00198135973877076
00000000000000000118,020111,0.005242049975487241
0000000000000000011b,020110,0.004329409764020825
0000000000000000011c,020105,0.0059726928731805105
00000000000000000156,020102,0.004170655986800871
00000000000000000158,020106,0.006028162853997598
0000000000000000027b,020112,0.006013521089453876
00000000000000000594,020101,0.006017723461699441
00000000000000000112,020205,0.006014917839246343
00000000000000000114,020203,0.005509308397059605
00000000000000000115,020204,0.005921461960831089
0000000000000000057c,020201,0.0065436937203038215
0000000000000000057f,020202,0.002832034688977417
000000000000000000c5,020305,0.004669849713298437
000000000000000000c7,020301,0.004364928670281639
000000000000000000cf,020303,0.004371883339885182
00000000000000000144,020304,0.0043602835729988874
00000000000000000244,020306,0.00446836373946935
00000000000000000246,020302,0.004420851738238032
0000000000000000010b,020402,0.006253846847091429
00000000000000000565,020401,0.006041978584243374
000000000000000000e6,020501,0.0053204236366076706
000000000000000000f1,020503,0.003991085153726731
000000000000000000f2,020505,0.005167933795686849
00000000000000000110,020504,0.00508329112754812
000000000000000002df,020507,0.002432414661797619
00000000000000000342,020509,0.005053971027502072
0000000000000000057e,020508,0.005061531521237316
000000000000000005a5,020502,0.00495159057835948
000000000000000005a9,020512,0.00493842671670961
000000000000000005ab,020511,0.005046614424301313
000000000000000005ad,020514,0.005150684705587964
000000000000000005b0,020510,0.004418700583566124
000000000000000005b1,020513,0.0050662506914258415
000000000000000005b2,020515,0.005316733079777455
000000000000000005c6,020506,0.004817473986405887
00000000000000000192,020611,0.0059685928243406365
00000000000000000281,020607,0.006219159233467528
00000000000000000284,020604,0.006109495705393408
00000000000000000285,020608,0.005822466197398036
00000000000000000289,020602,0.006468387962372048
0000000000000000028d,020610,0.006531935070037506
0000000000000000028e,020606,0.006158478227492849
0000000000000000028f,020605,0.006097928087635996
00000000000000000532,020609,0.006957763979426264
0000000000000000058b,020601,0.006285236100017734
0000000000000000058c,020603,0.006531935070037506
000000000000000000ce,020701,0.005608957998080214
00000000000000000331,020702,0.004930335874623332
00000000000000000534,020703,0.005431779622082094
00000000000000000157,020804,0.0018931841847779924
00000000000000000280,020803,3.277229427820528E-4
0000000000000000028b,020802,0.0010343730057881992
00000000000000000530,020801,5.710756534183729E-4
000000000000000000d2,020903,0.005249597392713453
000000000000000000fb,020901,0.005795599752192738
000000000000000000fd,020902,0.005548823908896218
000000000000000002f5,020907,0.005419442600059538
000000000000000005b7,020904,0.0053280911421866965
000000000000000005dc,020905,0.005732283852106411
000000000000000005dd,020906,0.00609615527818327
000000000000000000f9,021010,0.0045217269031364695
0000000000000000011a,021015,0.0045671555389093475
0000000000000000013f,021016,0.004372304859385477
00000000000000000143,021006,0.004631602146761905
00000000000000000154,021008,0.005153990898759326
00000000000000000245,021003,0.004826496290447584
00000000000000000282,021007,0.0048085356743074415
00000000000000000283,021012,0.0046721359875108726
00000000000000000286,021009,0.004792474776601389
00000000000000000287,021011,0.004486364894692013
0000000000000000028c,021005,0.004373252822913738
0000000000000000052e,021002,0.004387076874713629
0000000000000000058f,021013,0.0042835955634451086
00000000000000000590,021001,0.005184094778773445
00000000000000000591,021004,0.0050829751964139355
00000000000000000593,021014,0.004945615258544832
0000000000000000010e,021104,0.0036881665609388137
000000000000000002e1,021101,8.656513243769476E-4
00000000000000000581,021103,6.428835831378968E-4
000000000000000005c8,021102,0.004372828204471305
000000000000000005ce,021105,0.005196193584097769
000000000000000000cb,021203,0.0061176341169460954
000000000000000000cd,021206,0.004439520958872994
000000000000000000d1,021201,0.006841731361263533
00000000000000000292,021208,0.006840430989173589
00000000000000000336,021204,0.005967560463632898
00000000000000000533,021207,0.00637673462310717
00000000000000000536,021205,0.005834572490239586
000000000000000005d0,021209,0.005012971752994237
000000000000000005d5,021202,0.005650095736394158
000000000000000005d8,021210,0.0064356851076243235
00000000000000000293,021301,0.005791846674323127
00000000000000000332,021305,0.005510425586013109
00000000000000000334,021303,0.005247125121705225
00000000000000000337,021308,0.005781467037455518
00000000000000000535,021306,0.006483544452530601
00000000000000000537,021307,0.0064095799554086934
000000000000000005d1,021302,0.005894244365759117
000000000000000005d4,021304,0.005287075773453867
000000000000000000f8,021404,0.0038173250646996964
000000000000000002dc,021409,0.001372429055071619
000000000000000002dd,021405,0.001026732283751008
000000000000000005a8,021406,0.0036367076288116524
000000000000000005aa,021401,0.0036462318998784124
000000000000000005ac,021403,0.004967398418482231
000000000000000005bc,021402,0.002853204917028971
000000000000000005be,021410,0.0031527528560051435
000000000000000005c2,021408,0.004286910874435997
000000000000000005c3,021407,0.004713276902492432
000000000000000000fa,021510,0.005259939020564435
0000000000000000010d,021507,0.0060182759006314175
000000000000000002d1,021506,0.005092698758067193
000000000000000002f4,021508,0.006170872141795972
000000000000000002ff,021502,0.006720448012161565
00000000000000000300,021504,0.00590973848739822
00000000000000000301,021505,0.005611770052380919
0000000000000000056a,021509,0.004346283285986814
00000000000000000573,021503,0.0040607011592490964
000000000000000005b8,021511,0.006397681004159296
000000000000000005ba,021501,0.005878928952423381
000000000000000000d3,021603,0.004514190851045738
00000000000000000333,021602,0.00641390691642356
000000000000000005d6,021601,0.00619509621308253
000000000000000005db,021604,0.005057515512169765
000000000000000000e2,021701,0.0060802658472240475
000000000000000000e4,021710,0.005788582869953515
0000000000000000033f,021707,0.005300767741427362
00000000000000000340,021708,0.0034291553334569414
00000000000000000343,021706,0.0052733155936921065
00000000000000000539,021704,0.005467074268038233
00000000000000000582,021702,0.005450138070613439
00000000000000000599,021705,0.004642159370628266
000000000000000005c7,021709,0.00590917487222875
000000000000000005cd,021703,0.006633576971224141
000000000000000000c4,021805,0.0017456792927679993
000000000000000000c6,021803,
000000000000000000c8,021809,5.374171603406336E-4
000000000000000000cc,021806,7.782876939849745E-4
000000000000000000d0,021808,2.886800439294339E-4
00000000000000000335,021802,0.0026883315321327597
0000000000000000058e,021807,4.8639351076595097E-4
000000000000000005d9,021801,7.193071202641535E-4
000000000000000005da,021804,0.002686843984170791
0000000000000000010c,021901,0.00472411361472722
000000000000000002f3,021902,0.003709745678129842
000000000000000002f6,021910,0.0051088981003546115
000000000000000002f8,021904,0.005055845223586835
000000000000000002fc,021907,0.003914979185642645
000000000000000002fd,021905,0.004003973784071774
000000000000000005b3,021903,0.0039634165761461785
000000000000000005b5,021906,0.004226227871166647
000000000000000005bb,021908,0.004548598549597675
000000000000000005de,021909,0.005649039831092308
000000000000000000c9,022001,0.007021056043124503
00000000000000000141,022003,0.0068264508738726595
00000000000000000142,022006,0.006854136075424369
0000000000000000052d,022005,0.0039283126000292014
0000000000000000052f,022002,0.005346037144617692
00000000000000000531,022004,0.006548967681883353
00000000000000000538,022008,0.006813889686534119
0000000000000000058d,022007,0.0055572420959026855
000000000000000003b4,030106,0.004165471719391824
000000000000000003bd,030102,0.0041719566011969135
000000000000000003cc,030103,0.0043607978836726945
000000000000000003d3,030107,0.003601774075446509
000000000000000003d8,030101,0.003770910041660107
000000000000000003d9,030109,0.0038283166350749727
0000000000000000043a,030104,0.004132274847712557
00000000000000000488,030108,0.004148578816172884
00000000000000000491,030105,0.0037820930902311084
00000000000000000102,030204,0.0033080190954712734
00000000000000000174,030211,0.004454503868596405
000000000000000001b1,030201,0.004527649653113149
000000000000000001b2,030213,0.004214934505613256
000000000000000001b4,030215,0.0036551894754770966
000000000000000001cc,030210,0.004511262977559916
00000000000000000218,030207,0.00357471957973238
000000000000000003a2,030206,0.004248892002812002
000000000000000003a4,030214,0.0040747701191142585
000000000000000003a9,030212,0.0036208059920774115
000000000000000003ac,030218,0.00435564055541829
000000000000000003b1,030205,0.003921231348500471
000000000000000003c1,030217,0.004534692507088436
000000000000000003c3,030203,0.003920785905150711
000000000000000003da,030209,0.004065647033950674
0000000000000000040b,030216,0.004017670608818482
00000000000000000444,030219,0.004034716856345996
00000000000000000464,030202,0.004169080074607281
0000000000000000048c,030208,0.0035131242039930155
00000000000000000733,030220,0.004631894556194469
000000000000000001c6,030306,0.004537930800240749
000000000000000001cd,030302,0.00440523034388777
00000000000000000368,030303,0.004744461036084516
0000000000000000036a,030307,0.004494377135966948
00000000000000000372,030304,0.004246253328612146
00000000000000000375,030301,0.004401690669949509
00000000000000000390,030305,0.004415164404362693
0000000000000000016d,030402,0.004597514516596134
000000000000000001bf,030410,0.004366822145622139
000000000000000001c1,030417,0.004361998282192588
000000000000000001c5,030412,0.004418987073881008
000000000000000001c7,030413,0.004505248620627676
00000000000000000374,030406,0.004268267706803533
00000000000000000376,030403,0.0042662506287964135
0000000000000000037e,030407,0.004489212725519185
0000000000000000037f,030408,0.004411854154027624
00000000000000000380,030414,0.004322768874089668
00000000000000000392,030401,0.004364195181608605
0000000000000000039f,030416,0.004679175977016374
000000000000000003a5,030404,0.004115757489405378
000000000000000003b7,030405,0.004535394065224268
000000000000000003c5,030411,0.004174600550039845
000000000000000003c6,030409,0.004463085025116061
000000000000000003cb,030415,0.0039860078009614115
00000000000000000172,030506,0.004748014056851405
000000000000000001cb,030504,0.004366564338877763
000000000000000003ae,030501,0.004596334676790198
000000000000000003bb,030505,0.004408134672260087
000000000000000003cd,030503,0.004641000481488176
000000000000000003d4,030502,0.00438013491770315
000000000000000000c2,030607,0.003371212101767335
000000000000000001e7,030604,0.0035398183772789504
000000000000000003d7,030603,0.003505334334731385
0000000000000000040a,030608,0.003333866892768838
0000000000000000043c,030602,0.0032204735416661843
00000000000000000443,030601,0.003522604519353192
00000000000000000468,030606,0.00334228088530952
00000000000000000492,030605,0.0036636345230283184
00000000000000000740,030609,0.0033143200171636255
00000000000000000741,030610,0.0036807729407134543
00000000000000000744,030611,0.003661230364206371
0000000000000000016a,030710,0.005040546643407713
0000000000000000016e,030712,0.0048910771719061176
0000000000000000016f,030706,0.005025072842327184
000000000000000001be,030707,0.004948560432896463
0000000000000000036b,030713,0.004834479266523603
00000000000000000382,030714,0.004963901722251355
00000000000000000385,030708,0.00491605014162924
00000000000000000388,030701,0.00492856262325712
00000000000000000395,030705,0.0049021923802659625
00000000000000000398,030711,0.004923986690783555
0000000000000000039a,030709,0.005055978347950162
000000000000000003a8,030703,0.004391560939271345
000000000000000003bc,030704,0.00470726427174332
000000000000000003be,030702,0.004676242576061447
0000000000000000004d,040115,0.0016139406182679905
00000000000000000050,040127,0.0010373772274131351
00000000000000000051,040114,0.001200473410590649
00000000000000000052,040111,0.0018040256688361285
00000000000000000058,040122,0.0019658017578149407
00000000000000000059,040113,0.0020769023938559785
0000000000000000005a,040107,0.0019871420120996333
0000000000000000005b,040116,0.0022259455585387595
0000000000000000005d,040129,0.0019871420120996333
0000000000000000005e,040123,0.0018053368298274692
0000000000000000005f,040117,0.0019871420120996333
00000000000000000060,040105,0.0023519856834200393
00000000000000000061,040108,6.096439609639697E-4
00000000000000000062,040112,0.0022220307463020525
00000000000000000063,040121,1.921296149088762E-4
00000000000000000064,040101,0.0020888789975240913
00000000000000000066,040126,0.002258440639898188
00000000000000000067,040124,0.0014077709765293845
0000000000000000006a,040118,2.1943312150078437E-4
0000000000000000006c,040109,0.002605328878567729
0000000000000000006f,040110,0.0026119545974370327
00000000000000000070,040106,0.0026821619849873714
00000000000000000071,040102,0.0025703696029251463
00000000000000000079,040104,0.0023742799712388766
0000000000000000007c,040103,0.0026763614316314475
0000000000000000007e,040125,4.397015359745004E-4
0000000000000000007f,040120,4.921476931547231E-4
00000000000000000088,040128,0.0023838454704682936
00000000000000000089,040119,0.0026152737928567095
00000000000000000046,040201,
00000000000000000048,040202,
0000000000000000004c,040208,8.569924553227296E-4
00000000000000000055,040207,4.925268893403159E-4
00000000000000000068,040205,5.651608932992627E-4
0000000000000000006e,040204,3.809427488882187E-4
00000000000000000082,040206,2.621117303299891E-4
0000000000000000008c,040203,3.670082170229243E-4
00000000000000000092,040303,5.988212883820433E-4
00000000000000000095,040301,7.146954741405958E-4
00000000000000000097,040307,0.001244347761588611
000000000000000000a5,040308,8.102630279348909E-4
000000000000000000af,040313,7.279615811039029E-4
000000000000000000b1,040304,9.707492821512504E-4
000000000000000000b9,040309,9.366243100079309E-4
000000000000000000bd,040306,0.0020797121013323423
000000000000000000bf,040312,0.001714987171986738
00000000000000000306,040310,3.8012502145143897E-4
0000000000000000031c,040311,6.05565164282556E-4
00000000000000000729,040302,5.411993226803623E-4
0000000000000000072a,040305,9.417562698137364E-4
00000000000000000080,040413,2.407411617859909E-4
0000000000000000008d,040407,5.906912713772408E-4
0000000000000000008f,040401,4.529918496177087E-4
00000000000000000094,040411,0.001688916692601081
0000000000000000009a,040412,0.0016444365822156806
000000000000000000a7,040410,0.0023028931387443223
000000000000000000a8,040414,0.0028698174034420573
000000000000000000aa,040403,0.00230665584607568
000000000000000000b0,040408,0.0028999620695196716
000000000000000000bc,040402,0.003174260285263722
00000000000000000107,040405,0.0032780444237805397
0000000000000000011e,040409,0.003497111757556367
00000000000000000120,040404,0.0034322328659603446
0000000000000000031e,040406,0.0029933560483462853
00000000000000000081,040520,3.834243255512184E-4
0000000000000000008a,040508,0.002141695157199872
00000000000000000093,040511,0.0016500913131056803
00000000000000000098,040502,0.0030558429925673287
0000000000000000009b,040512,0.0028921837146082575
0000000000000000009e,040519,0.0029165516625837594
000000000000000000a1,040507,0.0017215301840953665
000000000000000000a2,040503,0.002636893679833561
000000000000000000a3,040514,0.0027290483374720438
000000000000000000ab,040501,0.0027895081075173973
000000000000000000ac,040506,0.002678592767811353
000000000000000000ae,040509,0.002675513715822979
000000000000000000b4,040513,0.00269159567158406
000000000000000000ba,040518,0.0028011500379358477
000000000000000000be,040510,0.002834885338660467
00000000000000000108,040504,0.0031003702799745113
00000000000000000109,040516,0.002969037784445536
00000000000000000124,040505,0.003607835120347158
00000000000000000317,040515,0.0032579399504313574
00000000000000000358,040517,0.003639357219202751
0000000000000000008e,040605,7.350299962456453E-4
00000000000000000096,040606,7.176475394136114E-4
0000000000000000009f,040601,6.637615277912335E-4
000000000000000000a9,040602,0.0010172884923978123
000000000000000000ad,040608,0.0018497142112285957
000000000000000000b8,040604,0.0030925993634191616
000000000000000000de,040603,0.003619187640435016
00000000000000000313,040607,0.003287511044198733
00000000000000000036,040706,8.972477096101781E-4
00000000000000000039,040703,0.001072070298860342
0000000000000000003b,040705,6.634267333779159E-4
0000000000000000003e,040704,6.360261224995481E-4
00000000000000000043,040702,6.230203128888976E-4
00000000000000000044,040701,5.440006943147199E-4
000000000000000000db,040806,0.0037414947022444125
000000000000000000dc,040804,0.0037993948074190424
00000000000000000126,040805,0.003759412569088488
00000000000000000305,040809,0.003255071597283721
00000000000000000307,040808,0.003191612898413644
0000000000000000030f,040807,0.0037797552559573327
00000000000000000310,040811,0.0034773908179880114
00000000000000000316,040801,0.003501330702920344
0000000000000000031d,040810,0.0034740932066174624
0000000000000000031f,040803,0.0038403165620427356
00000000000000000323,040802,0.003476315150554026
00000000000000000718,050106,0.00390883830233334
00000000000000000719,050105,0.00410144856832551
0000000000000000071b,050104,0.003749768111931452
0000000000000000071c,050110,0.0035796604962675185
0000000000000000071d,050102,0.003912333203947043
0000000000000000071e,050114,0.005362326345322942
0000000000000000071f,050116,0.003300783920201836
00000000000000000720,050112,0.004167366209506846
00000000000000000721,050113,0.003431286932045197
00000000000000000722,050115,0.003297726106083752
00000000000000000723,050101,0.003304909394718871
00000000000000000724,050109,0.0038866697489036406
00000000000000000725,050103,0.0035512641275606467
00000000000000000726,050111,0.0037656197430413524
00000000000000000727,050107,0.002838811871948051
00000000000000000728,050108,0.003007669115984552
0000000000000000070c,050206,0.00510585387130735
0000000000000000070d,050204,0.004630951570787676
00000000000000000712,050201,0.004342431577692487
00000000000000000715,050203,0.004469569875747344
00000000000000000716,050202,0.005154165402474196
00000000000000000717,050205,0.005306231434653028
0000000000000000047b,050302,0.004334812526388827
0000000000000000047d,050304,0.00425956385784879
00000000000000000485,050303,0.004494147780407442
00000000000000000487,050301,0.0045927884308149215
000000000000000001e2,050404,0.0029734888802395473
000000000000000001e3,050403,0.002929568905317031
000000000000000001e9,050407,0.005100633449032326
000000000000000001ea,050406,0.004609517580293853
000000000000000001eb,050408,0.005669523467087736
000000000000000001f1,050409,0.007016017479149418
0000000000000000070e,050405,0.003601956839115309
0000000000000000070f,050410,0.004311900341400056
0000000000000000072e,050401,0.0032180367866525054
00000000000000000734,050411,0.007233404251636528
00000000000000000736,050402,0.00546448057116646
0000000000000000073d,050412,0.004014732724820837
000000000000000001e4,050508,0.0040505358869419115
000000000000000001e8,050511,0.0043561303872304245
000000000000000001ec,050502,0.003457979760038741
000000000000000001ed,050509,0.003205648037600457
000000000000000001ee,050504,0.003883766514349792
000000000000000001ef,050501,0.003964272962248968
000000000000000001f0,050510,0.003369744297450959
00000000000000000710,050507,0.003976507985929995
00000000000000000711,050503,0.004887080287455122
0000000000000000071a,050506,0.0038676036682403713
00000000000000000743,050505,0.0037212848139785634
00000000000000000477,050618,0.0046655408660753106
000000000000000006d5,050617,0.0022377661549439804
000000000000000006d7,050621,0.0017245432670591149
000000000000000006d8,050615,0.0034866771388996215
000000000000000006dd,050619,0.0015875395972376484
000000000000000006df,050614,0.0018331911927838762
000000000000000006e0,050605,0.003115484563323248
000000000000000006e1,050616,0.00404817655259138
000000000000000006f1,050609,0.003004437564925316
000000000000000006f2,050606,0.004293071843244492
000000000000000006f3,050611,0.00397628072928749
000000000000000006f4,050603,0.003613202605421227
000000000000000006f5,050612,0.0026520752735770974
000000000000000006f6,050613,0.0033773336621030197
000000000000000006f7,050604,0.0036550911829564877
000000000000000006fa,050607,0.0030469016775860223
000000000000000006fb,050608,0.0039759864850235655
000000000000000006fc,050610,0.0029855633603046833
000000000000000006ff,050602,0.00434249242149276
00000000000000000703,050601,0.003946978066062961
00000000000000000704,050620,0.0037610007860252904
000000000000000006d6,050708,0.0037944771871991894
000000000000000006d9,050703,0.003943546710296724
000000000000000006e9,050705,0.0015702465653791757
000000000000000006ea,050706,0.00290061167018298
000000000000000006ee,050702,0.0030837337567813533
000000000000000006f0,050701,0.003973532915231567
000000000000000006f8,050707,0.0033269845311111276
00000000000000000702,050704,0.003424052105595286
000000000000000006de,050806,0.003713270562862482
000000000000000006e4,050803,0.003502085815897713
000000000000000006e5,050810,0.0030206810360535953
000000000000000006e6,050801,0.00291375910650291
000000000000000006e7,050809,0.003588367735271255
000000000000000006e8,050807,0.00307711349344667
000000000000000006eb,050804,0.003166313673306871
000000000000000006ec,050805,0.0031984569351684055
000000000000000006ed,050802,0.003396536923632294
000000000000000006ef,050808,0.0033451216247163676
00000000000000000478,050908,0.004516834079279009
00000000000000000479,050905,0.003845037899197552
0000000000000000047a,050907,0.004033032983156485
00000000000000000480,050909,0.003869995734334762
00000000000000000481,050901,0.003787701822195666
00000000000000000482,050904,0.003709488902479242
00000000000000000484,050903,0.0036687532258577746
000000000000000006f9,050911,0.0042589558234149534
000000000000000006fd,050910,0.004151285873854587
00000000000000000700,050906,0.003931334802845434
00000000000000000706,050902,0.0036433921681957955
0000000000000000047f,051005,0.0038630406431296328
00000000000000000486,051010,0.0037946932822057805
000000000000000006da,051011,0.004602407156026575
000000000000000006dc,051012,0.004681800166457386
000000000000000006e2,051008,0.004427696407628786
000000000000000006e3,051002,0.004468025940743188
000000000000000006fe,051004,0.0037909552744596416
00000000000000000701,051003,0.0039933091729370575
00000000000000000707,051006,0.003882901755946483
00000000000000000708,051009,0.004294714717590369
00000000000000000709,051007,0.004105796039220447
0000000000000000070b,051001,0.004084431034565227
0000000000000000047c,051103,0.0036350647479872
0000000000000000047e,051105,0.003793580312217631
00000000000000000483,051106,0.0036560859555877455
000000000000000006db,051101,0.003943115219997566
00000000000000000705,051102,0.0037019235706388324
0000000000000000070a,051107,0.003583474998231128
00000000000000000713,051104,0.003976784937146901
00000000000000000714,051108,0.004206041469384103
000000000000000000e8,060103,0.009904666825229344
0000000000000000053e,060108,0.008410301717574979
00000000000000000548,060106,0.006557807946342113
0000000000000000054b,060109,0.008250177361630848
0000000000000000054c,060107,0.007951890163058754
00000000000000000550,060111,0.00649974019459086
00000000000000000556,060104,0.005567206526226504
0000000000000000055e,060102,0.006607677899716702
00000000000000000561,060110,0.005301343877169348
00000000000000000562,060112,0.0076943078362676455
00000000000000000584,060101,0.008715962798372952
00000000000000000603,060105,0.006961900832280442
00000000000000000159,060201,0.003907846055594665
00000000000000000204,060203,0.003550485444812149
00000000000000000558,060204,0.003586853368774355
00000000000000000579,060202,0.004542020231303201
000000000000000000f0,060305,0.0048548115109485574
00000000000000000137,060304,0.005673278789905082
0000000000000000018b,060303,0.004470131297391048
00000000000000000544,060308,0.004983188703819125
00000000000000000583,060306,0.004913277816579113
00000000000000000589,060309,0.006091890802428098
000000000000000005a3,060310,0.00539524018007415
000000000000000005fe,060311,0.004716785517733696
00000000000000000617,060302,0.004101512979936814
00000000000000000620,060312,0.004655795502084194
00000000000000000662,060301,0.004518562618021734
0000000000000000066b,060307,0.004312785822639974
00000000000000000139,060415,0.0030958928703340182
0000000000000000014e,060418,0.0031524514540197278
00000000000000000150,060416,0.0030560702507160032
00000000000000000189,060411,0.002793701970194748
0000000000000000018c,060403,0.004895263023225898
0000000000000000018d,060404,0.006010597119339447
0000000000000000024b,060405,0.005937181649756865
0000000000000000024c,060412,0.004181829290683501
00000000000000000351,060407,0.004643332244080682
00000000000000000610,060402,0.005817903256645552
00000000000000000613,060406,0.005361570467996678
00000000000000000616,060413,0.004328640670120259
00000000000000000619,060410,0.006352378126542612
00000000000000000626,060414,0.005964245103330079
0000000000000000062c,060401,0.006259612432086151
0000000000000000064e,060417,0.005614578759612915
0000000000000000064f,060409,0.0030193297973868617
00000000000000000677,060408,0.005895405169985987
0000000000000000067a,060419,0.005036996275915109
00000000000000000018,060505,0.001730651845174242
0000000000000000001a,060503,0.001502605941034491
00000000000000000546,060502,0.006064097205883309
00000000000000000549,060507,0.0032851613033208693
0000000000000000054a,060508,0.0016565703536958235
0000000000000000055b,060504,0.002621609877989502
0000000000000000055d,060506,0.0037448256101435696
00000000000000000564,060501,0.005481672061958574
0000000000000000013a,060601,0.004453621590558675
00000000000000000188,060607,0.0033266708511358817
00000000000000000238,060612,0.003643675462110461
0000000000000000023b,060605,0.005760594539739352
0000000000000000024d,060610,0.00571443098190937
0000000000000000024e,060614,0.005359374910012961
00000000000000000255,060613,0.004464789290086008
0000000000000000025a,060606,0.0036510441711153432
00000000000000000348,060611,0.0033086528979236695
00000000000000000349,060602,0.002831038662185201
00000000000000000629,060604,0.005369849776946991
0000000000000000063e,060608,0.004728570408879493
00000000000000000646,060609,0.0052733800296829985
00000000000000000658,060615,0.003690714193904883
00000000000000000661,060603,0.003033767329401829
00000000000000000200,060703,0.006057494599473954
0000000000000000061f,060702,0.0062878214964819145
0000000000000000066c,060701,0.005421532680960368
00000000000000000149,060812,0.0043834699687628305
0000000000000000020a,060802,0.004263613007516438
0000000000000000020b,060811,0.005619772344770028
00000000000000000329,060808,0.0036707761061183205
0000000000000000034e,060803,0.004361957755304454
0000000000000000034f,060809,0.004369888263018035
0000000000000000062f,060807,0.0038686083133253083
00000000000000000630,060804,0.0032024107821329614
00000000000000000631,060810,0.003840715753576979
00000000000000000634,060801,0.003175808542676153
00000000000000000637,060806,0.0037073372243182847
0000000000000000063b,060805,0.004568665085297675
0000000000000000020c,060904,0.006337435259243645
00000000000000000692,060902,0.006187248012039912
00000000000000000693,060907,0.0061538931054176535
00000000000000000694,060901,0.005800569450911241
00000000000000000695,060905,0.006087355485911956
00000000000000000696,060906,0.008240300485295884
00000000000000000697,060903,0.00785142445656291
000000000000000000ec,061007,0.004361680605021833
0000000000000000054d,061004,0.004569926721724835
00000000000000000557,061005,0.003100720254797258
0000000000000000055c,061006,0.003276668218459959
00000000000000000560,061001,0.003811833161021789
00000000000000000578,061002,0.0031123517443864507
00000000000000000598,061003,0.0031635252539863037
0000000000000000033e,061112,0.006506107777640101
0000000000000000053c,061110,0.0026504420588064847
0000000000000000053f,061113,0.003912868745472898
00000000000000000540,061105,0.005284660398252129
00000000000000000587,061108,0.0019896192649071316
0000000000000000059f,061102,0.003410296455758276
000000000000000005a2,061101,0.00603717323726516
000000000000000005f5,061111,0.007342409388907324
000000000000000005f9,061109,0.0040697682548331724
000000000000000005fc,061103,0.00660815838488294
000000000000000005ff,061106,0.004205974057208518
00000000000000000602,061107,0.006811777097875477
0000000000000000060a,061104,0.006309142793712018
0000000000000000053a,061201,0.00838377617622663
00000000000000000551,061202,0.007873315353378001
00000000000000000553,061203,0.0068908118205859535
000000000000000005fa,061204,0.008405532492416965
000000000000000001f8,061311,0.005720992387424395
000000000000000001f9,061302,0.005739539059268392
000000000000000001fb,061306,0.00626871560483644
000000000000000001fe,061307,0.006222737726577122
000000000000000001ff,061308,0.005232635633269413
00000000000000000621,061303,0.004792891922535394
00000000000000000666,061301,0.0048095281507582405
00000000000000000668,061310,0.006121195191364624
00000000000000000669,061305,0.005498572921081347
00000000000000000675,061309,0.003513228942313751
00000000000000000676,061304,0.0045535512033695194
00000000000000000229,070105,
0000000000000000045f,070104,
000000000000000004c8,070102,
00000000000000000509,070103,
00000000000000000510,070101,
00000000000000000516,070106,3.790355535574556E-4
0000000000000000072b,070107,
00000000000000000217,080106,0.003619129364696671
0000000000000000021a,080108,0.0035754894504266958
000000000000000003db,080102,0.0038598396009080355
000000000000000003f7,080105,0.0036450199437561867
00000000000000000409,080107,0.003591923005500528
0000000000000000041c,080104,0.0035977286680572845
0000000000000000043b,080103,0.003854457235309485
0000000000000000043d,080101,0.0037849780001270217
00000000000000000173,080204,0.0037732710933080847
00000000000000000386,080202,0.003760513700448108
0000000000000000039c,080205,0.0037224749017712396
000000000000000003b0,080206,0.0035329149498493527
000000000000000003b6,080207,0.003675490876737579
000000000000000003bf,080203,0.003615951644517459
000000000000000003c4,080201,0.003489760493330039
00000000000000000462,080304,0.004130167101365334
00000000000000000463,080308,0.003990284151756984
00000000000000000465,080303,0.003960567819309975
00000000000000000469,080307,0.004358658832407822
0000000000000000046a,080306,0.004345883572804905
0000000000000000046d,080305,0.0045989957658256414
0000000000000000048a,080309,0.00436749093254867
0000000000000000048f,080301,0.004106121776833307
00000000000000000490,080302,0.004361663625203367
00000000000000000160,080404,0.0059038560752048995
00000000000000000183,080401,0.004591728134668932
000000000000000003fc,080408,0.007186120179171748
00000000000000000466,080406,0.004162764375579061
0000000000000000046b,080405,0.004755811994813583
0000000000000000046f,080403,0.0047203403169768935
00000000000000000489,080407,0.004095293626444825
00000000000000000496,080402,0.00414883208155522
0000000000000000016b,080508,0.0037908643158221914
00000000000000000360,080505,0.004145137653543291
00000000000000000362,080507,0.004096286588684636
0000000000000000036e,080503,0.004002482441666967
0000000000000000036f,080502,0.004144222613851946
00000000000000000377,080504,0.003958167108045493
00000000000000000394,080501,0.003879722116380245
0000000000000000039b,080506,0.0037449544810895497
00000000000000000171,080606,0.0040761876799285
000000000000000001c9,080607,0.0037922515783224437
000000000000000001ce,080608,0.003765856004455415
00000000000000000364,080604,0.0042068752136153525
0000000000000000037c,080603,0.0038749725939209354
00000000000000000397,080601,0.0041414216193617626
000000000000000003ab,080605,0.0042367930390187075
000000000000000003c0,080602,0.004054252800752701
00000000000000000163,080706,0.004068605247517859
00000000000000000169,080704,0.003990174144409203
000000000000000001ca,080705,0.004232329398365942
00000000000000000369,080707,0.004122216936818954
00000000000000000370,080708,0.003997666073746447
00000000000000000373,080701,0.003989882023525655
00000000000000000399,080703,0.00396877350007508
0000000000000000039e,080702,0.004109760107689057
000000000000000000d5,080805,0.003871143489611515
000000000000000000d7,080801,0.0037881993946806115
000000000000000000dd,080808,0.003952441024901825
000000000000000000df,080806,0.004024864517057809
0000000000000000011f,080807,0.0038179709940220504
00000000000000000166,080804,0.0038557843572436315
00000000000000000321,080802,0.003918832331665115
0000000000000000038d,080803,0.004059569678568627
000000000000000001a5,080901,0.006767329754918896
000000000000000001d3,080914,0.008235289544254665
000000000000000001e5,080907,0.005112211692210756
000000000000000001e6,080910,0.006191966124115993
000000000000000002e8,080909,0.0055276316645237415
000000000000000003e2,080905,0.006289280999600643
000000000000000003ef,080904,0.0064880243188772425
00000000000000000449,080908,0.005227494341602252
0000000000000000044f,080903,0.00581433283361964
000000000000000004b7,080906,0.007136935962454203
0000000000000000072f,080911,0.004462906204685074
00000000000000000732,080912,0.004611765167197101
00000000000000000738,080913,0.0036877292158620585
00000000000000000745,080902,0.009225215549421292
000000000000000001ac,081001,0.003645522411787954
000000000000000001b0,081005,0.00401271410966604
000000000000000001b5,081009,0.00360054928509316
0000000000000000037d,081006,0.0038821860573437553
000000000000000003b2,081007,0.0038820151101778134
000000000000000003b8,081008,0.003685555974657476
000000000000000003ba,081002,0.0038777880855321925
000000000000000003c9,081004,0.0038580411896577387
000000000000000003ce,081003,0.00416835378798764
0000000000000000043f,081102,0.003800033154988027
00000000000000000440,081105,0.00448304368099134
00000000000000000472,081104,0.005668737385113855
0000000000000000049e,081101,0.00966119906915951
000000000000000004a5,081103,0.007756669866618579
000000000000000004aa,081106,0.013807632721258787
00000000000000000100,081202,0.003446263266645657
000000000000000001b3,081201,0.0036277676770452884
0000000000000000021c,081210,0.00500044224451293
000000000000000003af,081212,0.0038010477522564473
000000000000000003ca,081206,0.003983457351911474
000000000000000003d2,081207,0.0034110605783752796
000000000000000003d6,081208,0.0034536327909834865
000000000000000003f8,081211,0.0035856092005329392
0000000000000000041d,081204,0.006095080236912053
00000000000000000441,081205,0.0045181082382433
00000000000000000476,081209,0.0074261509022752826
000000000000000004a2,081203,0.017215169906319827
00000000000000000182,081301,0.004864996936506005
0000000000000000046e,081305,0.004537118309317585
00000000000000000470,081303,0.00420295951102856
00000000000000000473,081307,0.0044177826674902925
00000000000000000494,081302,0.004017000526906914
0000000000000000049f,081306,0.005140910331470931
000000000000000004a0,081304,0.00520650354603235
0000000000000000015c,090103,0.004491076495510852
0000000000000000015f,090106,0.004742880077629651
000000000000000001a8,090118,0.004657132412581544
00000000000000000212,090104,0.00431877173304787
00000000000000000214,090108,0.004248651057970356
00000000000000000215,090113,0.004595386994355567
000000000000000003dc,090117,0.004890444360957526
000000000000000003e5,090114,0.00455345315063991
000000000000000003e8,090102,0.004777433951679588
000000000000000003fa,090110,0.004622778166865809
000000000000000003fb,090109,0.00438865492760084
000000000000000003fd,090119,0.004461257698967303
00000000000000000407,090116,0.00485520901115368
00000000000000000408,090105,0.004218465443866133
000000000000000004a9,090101,0.004679996751072478
000000000000000004ab,090111,0.004317236716510227
000000000000000004ad,090112,0.004539041603395329
000000000000000004ae,090115,0.004298532353559511
000000000000000004b1,090107,0.004562637942836439
00000000000000000175,090207,0.004617560735733554
00000000000000000178,090204,0.004343466991896802
000000000000000001a3,090203,0.004842570868099456
000000000000000001a4,090201,0.004685901077146203
000000000000000003dd,090208,0.004761701017707519
000000000000000003e4,090206,0.004796141768343488
000000000000000003e7,090202,0.004797457678896381
00000000000000000519,090205,0.004110969177161857
0000000000000000019b,090306,0.0045966307476368274
0000000000000000019c,090307,0.004872667412875021
0000000000000000019e,090308,0.00488082605496219
000000000000000003ed,090304,0.00503580598795292
000000000000000003f1,090303,0.004832008196129781
00000000000000000446,090312,0.004858317631489044
00000000000000000499,090302,0.004961543993883839
000000000000000006d0,090311,0.0049227189234603294
000000000000000006d1,090310,0.00431264837258087
000000000000000006d2,090309,0.004247261955948189
000000000000000006d3,090301,0.00526721122542252
000000000000000006d4,090305,0.003569243631041681
00000000000000000161,090411,0.004544106306412768
00000000000000000179,090405,0.005031736957720672
0000000000000000017e,090404,0.003242834354169597
00000000000000000181,090406,0.004642205413233876
00000000000000000185,090410,0.0031487256577103478
00000000000000000186,090409,0.004338929561873063
000000000000000001a0,090401,0.004654005934666723
000000000000000003f0,090403,0.004935395131671301
00000000000000000445,090408,0.0042723935526145715
00000000000000000448,090402,0.004829134592633977
0000000000000000046c,090413,0.004083983758902301
0000000000000000049c,090407,0.004390959484557109
000000000000000004a4,090412,0.004375007432569436
00000000000000000151,090507,0.005221093172849663
00000000000000000152,090503,0.005471572717399474
0000000000000000015d,090510,0.005651429824323061
00000000000000000211,090511,0.004801001551419754
000000000000000002af,090501,0.004629160258998839
000000000000000002b0,090506,0.004747784534284833
000000000000000002b1,090502,0.004951656848396325
000000000000000002b2,090509,0.00510155656786074
00000000000000000437,090508,0.004459742025428441
00000000000000000438,090505,0.004167343492107876
00000000000000000439,090504,0.004757512097475688
000000000000000000fe,090613,0.0033898424860526956
000000000000000001ad,090602,0.0034196010440383498
00000000000000000216,090604,0.004324375785788162
00000000000000000219,090615,0.004219820554113513
0000000000000000021b,090601,0.0032983362274847366
00000000000000000381,090614,0.004001489938756294
00000000000000000389,090606,0.0034078584224200097
0000000000000000039d,090603,0.002835525380386403
000000000000000003a3,090612,0.0027039136484557037
000000000000000003a7,090608,0.003924556024175808
000000000000000003c7,090605,0.0036928387609195894
000000000000000003d0,090611,0.003683403971591454
0000000000000000043e,090616,0.0044461667413127435
00000000000000000442,090609,0.0038007898469390048
00000000000000000493,090610,0.004548917990791043
000000000000000006cf,090607,0.004790267301865916
00000000000000000153,090705,0.00449562558665485
0000000000000000017b,090711,0.0041011680767255795
00000000000000000226,090714,0.0038821189914921253
0000000000000000041a,090709,0.0038573399271109757
00000000000000000450,090701,0.0040880181060590545
0000000000000000045a,090713,0.00392399363430795
000000000000000004b4,090702,0.004158067900187519
000000000000000004b5,090703,0.004062156892291398
000000000000000004bd,090704,0.00412883921749961
000000000000000004c0,090706,0.003917366389233738
000000000000000004c1,090710,0.00428956343358024
000000000000000004ce,090715,0.004179743384011928
000000000000000004d2,090717,0.00555298421536586
000000000000000004d7,090716,0.004208691655264623
000000000000000004d9,090707,0.00781387267006658
00000000000000000730,090720,0.005291920935608421
00000000000000000731,090719,0.00440350748552364
00000000000000000735,090718,0.007532003556158081
0000000000000000073e,090721,0.007722939700235042
0000000000000000073f,090722,0.003906750755098297
00000000000000000742,090723,0.0038804003163710565
0000000000000000012b,100103,0.005696683105182425
00000000000000000193,100110,0.004084883390041143
00000000000000000194,100102,0.0035429193254654713
00000000000000000198,100101,0.0038970470550023367
000000000000000001f2,100106,0.004332711653001058
0000000000000000029f,100105,0.00441759398059882
000000000000000002a0,100108,0.003890397328353783
000000000000000002a1,100111,0.003486571675697235
00000000000000000339,100109,0.0045753558554488235
0000000000000000033b,100104,0.00519370792339842
0000000000000000033d,100112,0.004371007155322611
0000000000000000060e,100107,0.0036937608843407937
0000000000000000073c,100113,0.006543500714409834
000000000000000000e7,100201,0.0037664622731957073
0000000000000000029a,100203,0.004052523692421439
0000000000000000029c,100202,0.0036997973618701357
0000000000000000029d,100205,0.0034217405018404598
0000000000000000029e,100204,0.003446201550763556
0000000000000000059b,100208,0.003450747297352084
000000000000000005ae,100206,0.003747025103866513
000000000000000005af,100207,0.004092742325211099
000000000000000000e3,100323,0.004116819432964291
000000000000000000f4,100316,0.004036560181753498
00000000000000000111,100301,0.005075138634469277
00000000000000000116,100307,0.004359695719084096
00000000000000000117,100313,0.004233557562881607
0000000000000000033c,100311,0.005457236548690531
0000000000000000057a,100317,0.004788114398274199
0000000000000000057b,100322,0.004471375306186469
0000000000000000057d,100321,0.004434900399425445
000000000000000000ca,100403,0.005856847848179656
00000000000000000290,100404,0.004903840005596956
00000000000000000291,100401,0.00617618687193086
000000000000000005d2,100402,0.004889032410467554
000000000000000000c3,100502,0.005095927984282588
00000000000000000119,100508,0.004068712228820349
0000000000000000011d,100506,0.004190481269661443
00000000000000000140,100505,0.005135263385647274
00000000000000000247,100507,0.005678489817097273
00000000000000000288,100511,0.004319382179932223
0000000000000000028a,100510,0.0041317755357421545
0000000000000000030e,100501,0.004370025112895511
00000000000000000592,100504,0.004216140527544542
00000000000000000595,100509,0.004308632189234714
000000000000000005cf,100503,0.0038297213798325685
00000000000000000746,100604,0.0061645024470815485
00000000000000000747,100603,0.006634109144745548
00000000000000000748,100602,0.008156836836135165
00000000000000000749,100601,0.005324141103186537
0000000000000000074a,100606,0.006124530070360106
0000000000000000074b,100605,0.006029002146963448
0000000000000000074c,100607,0.009180022018607544
0000000000000000074d,100608,0.005544593175549074
0000000000000000074e,100609,0.005683446958747229
0000000000000000074f,100610,0.006299895570033748
000000000000000000fc,100701,0.004989378643503539
000000000000000005b4,100702,0.007668129873892968
000000000000000005d3,100703,0.005072366774440073
0000000000000000073a,100704,0.0055407191548386735
0000000000000000073b,100705,0.006968056419859466
0000000000000000012c,100802,0.007971508746009156
000000000000000001f6,100801,0.006449500758640889
000000000000000001f7,100804,0.005440401122912484
000000000000000005ca,100803,0.0047553063024580525
00000000000000000000,100902,0.009756169821222333
00000000000000000001,100904,0.007566322497248264
00000000000000000007,100901,0.008101768646490459
0000000000000000012f,100905,0.00757480144618977
000000000000000002f7,100903,0.007281141368366001
000000000000000000e5,101004,0.005220831745084208
000000000000000002d7,101007,0.004877915765887228
00000000000000000341,101003,0.004980166477062125
0000000000000000059a,101001,0.005261219553344243
0000000000000000059c,101002,0.005345012308856547
000000000000000005cc,101005,0.005170582360279956
0000000000000000060d,101006,0.004905045864682362
000000000000000000e0,101104,0.004672723139907057
0000000000000000010f,101102,0.004743651870590237
00000000000000000113,101106,0.004699109627337736
00000000000000000196,101108,0.004627528149394706
00000000000000000197,101105,0.004575067928102184
00000000000000000338,101101,0.004706330547939372
00000000000000000580,101107,0.0044652862109929355
000000000000000005cb,101103,0.0048716360935341435
000000000000000001c3,110113,1.5976030875097124E-4
000000000000000001c4,110111,2.158967306335621E-4
000000000000000001c8,110105,1.93100827699218E-4
000000000000000001cf,110107,1.772243901048148E-4
00000000000000000366,110104,1.7547147284360763E-4
00000000000000000378,110106,2.653309985535528E-4
00000000000000000379,110101,8.766984727041583E-5
0000000000000000037a,110103,3.565724306507874E-4
00000000000000000384,110112,1.0167220732940734E-4
00000000000000000387,110102,3.309220715046704E-4
000000000000000003a0,110110,2.722887956953384E-4
000000000000000003a6,110114,9.670164221195723E-4
000000000000000003c8,110108,1.8311401412078533E-4
000000000000000003d1,110109,8.331469523730541E-4
0000000000000000017d,110204,3.758618417456572E-4
0000000000000000017f,110201,6.69116929701971E-4
00000000000000000184,110206,3.6642865459472334E-4
0000000000000000044b,110203,0.0014662800216892057
0000000000000000044d,110209,0.003669869270811691
00000000000000000471,110202,8.531240688183681E-4
0000000000000000048b,110211,
0000000000000000048d,110210,
0000000000000000048e,110205,6.744050903431644E-4
0000000000000000049b,110207,5.761580031242219E-4
000000000000000004a1,110208,0.00206596378064381
000000000000000000d8,110301,4.2599385967965087E-4
00000000000000000121,110305,6.235742757853184E-4
00000000000000000127,110302,1.2648608031986877E-4
00000000000000000356,110304,2.2130731900836027E-4
0000000000000000038b,110303,7.072477633818579E-4
0000000000000000035c,110401,6.012528814671727E-4
00000000000000000363,110404,4.335332309104661E-4
0000000000000000037b,110405,0.002080919675305336
0000000000000000038e,110402,3.678390718015516E-4
00000000000000000391,110403,0.0011930663161516934
00000000000000000101,110507,1.541908961996706E-4
00000000000000000103,110504,1.670634146896735E-4
000000000000000001af,110503,4.915132965756819E-4
000000000000000003ad,110506,9.864974697783614E-5
000000000000000003b3,110508,1.1051739503560996E-4
000000000000000003b5,110501,1.0474814421237875E-4
000000000000000003cf,110505,6.209272142973811E-5
00000000000000000497,110502,0.002076316918746916
0000000000000000017c,120116,0.0045257728530409
0000000000000000019a,120130,0.004804001418801907
000000000000000001b9,120129,0.0047653518395505655
000000000000000001ba,120117,0.004801320500766777
0000000000000000021f,120119,0.004474861575003969
0000000000000000030a,120114,0.004767876177082405
000000000000000003ff,120132,0.004801320500766777
0000000000000000040c,120111,0.004610599628374652
0000000000000000040e,120136,0.004564445695429803
00000000000000000414,120121,0.004564445695429803
00000000000000000421,120128,0.004980047901467966
00000000000000000422,120124,0.004716906480143903
00000000000000000426,120127,0.00495078907892835
00000000000000000429,120122,0.004959301106542256
00000000000000000452,120106,0.004746425309518775
00000000000000000456,120112,0.004546414327687064
0000000000000000045d,120113,0.004406798211395615
00000000000000000498,120126,0.004255160855449862
000000000000000004a7,120101,0.004640612593871246
000000000000000004b6,120104,0.0046777648978001945
000000000000000004b9,120120,0.004854414723334465
000000000000000004ba,120105,0.004891052264799907
000000000000000004bc,120108,0.004907916854216703
000000000000000004ca,120107,0.00459860355634547
000000000000000004cb,120133,0.004435908506765475
000000000000000004d4,120125,0.0046831223969965394
000000000000000004dc,120134,0.004714356087092373
0000000000000000051a,120135,0.006796631093941457
000000000000000001b7,120208,0.004752627218864748
000000000000000001bb,120213,0.004782502680619375
000000000000000001bc,120212,0.0048143890358983464
0000000000000000020f,120201,0.004800148580360693
0000000000000000023e,120215,0.004868949053110348
000000000000000002b5,120205,0.00601108229027875
000000000000000002b6,120203,0.006399241755607654
000000000000000002b7,120209,0.006380705272261383
0000000000000000030c,120210,0.004804056302622518
000000000000000003fe,120204,0.004676212677300562
00000000000000000402,120202,0.004739589969078286
00000000000000000425,120207,0.00493157297223733
000000000000000004a8,120211,0.00478422594944128
000000000000000004d8,120214,0.004589793220688069
000000000000000004f2,120206,0.0062781023513019925
000000000000000001d5,120306,0.007599877333782252
000000000000000001df,120305,0.007034299708550107
000000000000000002c2,120304,0.010736663661356739
000000000000000002c8,120303,0.008639854124632616
000000000000000002ca,120302,0.009544374925386253
000000000000000002d0,120301,0.008753424561283566
000000000000000001a9,120402,0.003906409999069082
00000000000000000240,120404,0.004489903228537354
00000000000000000242,120434,0.004266204496391222
00000000000000000243,120414,0.004446446443199328
000000000000000002b8,120426,0.003956911293594874
00000000000000000309,120431,0.004614785713916094
00000000000000000330,120401,0.004377703385557835
0000000000000000041f,120413,0.004620143214529398
00000000000000000420,120423,0.004496983571908037
00000000000000000423,120420,0.004620143214529398
00000000000000000427,120421,0.004620143214529398
00000000000000000428,120409,0.004620143214529398
0000000000000000042a,120428,0.004779374351772973
0000000000000000042b,120407,0.004750153368833339
0000000000000000042d,120430,0.0044638552313389455
0000000000000000042e,120425,0.0044093808058337635
000000000000000004df,120416,0.0044638552313389455
000000000000000004e0,120408,0.004697223206034002
000000000000000004e1,120405,0.0049588375978278885
000000000000000004e2,120410,0.0044638552313389455
000000000000000004e3,120411,0.004113423357638175
000000000000000004e4,120417,0.004802046285623956
000000000000000004e5,120412,0.0044638552313389455
000000000000000004e7,120415,0.004135599936999962
000000000000000004e8,120424,0.00432151739917885
000000000000000004e9,120406,0.004235245995147367
000000000000000004ee,120427,0.004295604662457271
000000000000000004f0,120418,0.004968343453362127
000000000000000004f1,120403,0.005203239951407239
00000000000000000507,120419,0.006543646597229515
0000000000000000051b,120429,0.004445667619451823
0000000000000000051f,120432,0.00399982537211034
00000000000000000522,120422,0.003935319158571436
00000000000000000524,120433,0.0042594286128546655
000000000000000002c4,120504,0.0064367434510560415
000000000000000002ce,120502,0.004469754867950223
00000000000000000432,120501,0.004493065439630328
00000000000000000433,120503,0.004443678137280541
000000000000000001d6,120699,0.0070271010797055035
000000000000000002ae,120601,0.005831738117788497
000000000000000002e7,120608,0.009047246832736167
00000000000000000430,120607,0.006878793069875281
000000000000000004fb,120603,0.00694322212021021
00000000000000000505,120605,0.007992683872917806
00000000000000000506,120602,0.006265932550289399
00000000000000000737,120609,0.009171659650831285
000000000000000001d0,120706,0.00482480339864522
000000000000000001d4,120707,0.004213595159903302
00000000000000000431,120708,0.0049932020658375095
00000000000000000434,120704,0.005781096203473121
000000000000000004ef,120703,0.003828035401015963
000000000000000004f8,120701,0.004027912861300192
000000000000000004fa,120709,0.004287876754580798
000000000000000004ff,120705,0.003918423349987699
00000000000000000503,120702,0.004173496494536789
000000000000000001dc,120807,0.004829690957282431
000000000000000002ba,120808,0.004800077507360132
000000000000000003f6,120804,0.005052001523826122
000000000000000004de,120809,0.0053746397763016
000000000000000004ec,120801,0.004542540234167995
000000000000000004f5,120805,0.0051312665970581145
000000000000000004fd,120806,0.004471136622506401
00000000000000000520,120802,0.004739826996839125
00000000000000000521,120803,0.005127196408530245
00000000000000000526,120810,0.005348520365345946
0000000000000000021d,120909,0.004706074859186541
0000000000000000021e,120908,0.004564445695429803
00000000000000000222,120906,0.004636768812126371
00000000000000000415,120903,0.004643890358474018
000000000000000004c5,120905,0.0046831223969965394
000000000000000004cc,120901,0.004691854359792414
000000000000000004cf,120907,0.004641369993715704
000000000000000004d0,120902,0.004714745436080951
000000000000000004d5,120904,0.004730056697024368
0000000000000000000b,130104,5.780000615172458E-4
0000000000000000000d,130110,0.0015829060875495343
000000000000000002d4,130109,8.55155226158341E-4
000000000000000002ef,130106,0.0010177080259159935
0000000000000000052a,130107,7.457826379472859E-4
0000000000000000056c,130105,
0000000000000000056f,130102,6.554658165720218E-4
00000000000000000572,130111,
00000000000000000575,130101,7.328802348936768E-4
00000000000000000577,130103,
000000000000000005e0,130108,0.0015722063596337436
0000000000000000000c,130207,4.272665593930024E-4
0000000000000000000e,130204,
0000000000000000000f,130203,5.303305103356819E-4
00000000000000000010,130205,4.7406314701521195E-4
00000000000000000012,130202,0.0011089645065506767
00000000000000000013,130206,4.298769690233851E-4
00000000000000000015,130201,9.99793284934174E-4
00000000000000000017,130208,7.191635281331566E-4
000000000000000000e9,130301,0.006155493919309942
00000000000000000205,130303,0.003915384800316443
00000000000000000541,130304,0.00506357078437782
00000000000000000552,130306,0.005065896813206476
00000000000000000597,130302,0.004691223773692224
0000000000000000059d,130305,0.005975881443782776
000000000000000000ea,130403,3.7207436641117854E-4
00000000000000000542,130402,7.047450059383949E-4
0000000000000000054e,130401,8.286310750675982E-4
000000000000000002ee,130501,0.005102360492546854
00000000000000000527,130504,0.003568842863652202
0000000000000000056e,130502,0.005558509613941457
000000000000000005df,130503,0.0029150370863989046
00000000000000000011,130613,0.0029489076831349906
000000000000000002ed,130608,0.004110425830640765
000000000000000002f0,130611,0.002892948404227809
000000000000000005e4,130610,0.002991707034005218
000000000000000005e5,130602,0.005808485258221442
000000000000000005e6,130606,0.0027412313596755404
000000000000000005ea,130604,0.005353774793893835
000000000000000005eb,130601,0.004115250104729216
000000000000000005ef,130614,0.005609761761558219
000000000000000005f2,130605,0.004644956864596876
00000000000000000019,130701,4.8173442660039747E-4
00000000000000000555,130704,4.1182306254346543E-4
00000000000000000559,130703,4.1182306254346543E-4
0000000000000000055a,130705,5.289561065551765E-4
00000000000000000563,130702,4.598091923792874E-4
000000000000000002d2,130812,0.004085682288889665
000000000000000002d3,130801,0.004989781044091028
000000000000000002f2,130806,0.0034119890635254386
000000000000000002f9,130804,0.004411767964871239
00000000000000000302,130813,0.004199988208238118
00000000000000000566,130802,0.0051657723441742775
00000000000000000569,130803,0.003742201568475622
00000000000000000570,130807,0.007234658432869565
00000000000000000571,130805,0.005468562957552457
000000000000000005b9,130811,0.0039145757215476125
000000000000000005e3,130808,0.004074200630047506
000000000000000005e9,130810,0.004265979027679242
000000000000000005f3,130809,0.0027718846042241604
00000000000000000203,130908,0.003147069879154835
00000000000000000545,130905,0.0037445555307555126
000000000000000005e7,130907,0.00513157594351245
000000000000000005e8,130904,0.005039537405924043
000000000000000005ec,130901,0.005534822902939463
000000000000000005ed,130903,0.003062206464399875
000000000000000005f0,130906,0.005815009808288349
000000000000000005f1,130902,0.0036962636105925158
000000000000000002f1,131008,0.004599514510679131
00000000000000000304,131007,0.007174761750002537
00000000000000000567,131002,0.006645018682217488
0000000000000000056b,131004,0.0059429970996305705
00000000000000000574,131001,0.0055097318020494515
00000000000000000576,131005,0.0056786551070413605
000000000000000005e1,131003,0.006814794293549069
000000000000000005e2,131006,0.0069935692967149155
00000000000000000014,131103,0.004064680034722286
00000000000000000016,131101,0.0037259709047108955
00000000000000000201,131102,0.0046175571850054515
00000000000000000202,131104,0.005052943725004482
000000000000000002fb,131202,0.0012759766347030957
00000000000000000529,131201,0.0011058582173820864
000000000000000005d7,131203,3.2190309943887593E-4
000000000000000000ee,140104,
00000000000000000134,140111,5.55448464127392E-4
00000000000000000135,140120,5.231420170632857E-4
00000000000000000138,140110,0.0021958869871360437
0000000000000000027c,140112,4.7649077058092127E-4
0000000000000000027f,140105,4.7649077058092127E-4
0000000000000000052c,140107,3.463703044512695E-4
00000000000000000585,140103,4.166088507757037E-4
000000000000000005f7,140109,0.0011632745150962668
000000000000000005fb,140114,
000000000000000005fd,140116,6.075638161362655E-4
00000000000000000600,140108,4.166088507757037E-4
00000000000000000601,140113,4.166088507757037E-4
00000000000000000605,140106,4.7649077058092127E-4
00000000000000000606,140115,3.899773877884441E-4
00000000000000000608,140119,7.727456057467438E-4
00000000000000000609,140101,4.8718565700350076E-4
0000000000000000060b,140118,5.100628826579794E-4
00000000000000000615,140102,0.0015702739380948256
0000000000000000061e,140117,7.960231093298528E-4
0000000000000000014d,140205,0.0019033715570378478
00000000000000000259,140202,0.004553282597669703
00000000000000000628,140203,0.004856059370598809
00000000000000000663,140206,5.58310300193679E-4
0000000000000000066a,140201,6.858620463486279E-4
0000000000000000066d,140204,8.508082255607326E-4
0000000000000000014c,140306,5.571476517249182E-4
00000000000000000190,140301,5.203217322123611E-4
0000000000000000022c,140309,6.813313337278674E-4
00000000000000000254,140307,0.002600239670687501
0000000000000000032a,140310,0.0042507795690927466
0000000000000000060c,140311,4.7649077058092127E-4
0000000000000000061a,140312,6.432823727890724E-4
00000000000000000640,140304,0.001349919011921151
00000000000000000643,140302,0.003883367603117501
00000000000000000672,140305,5.957051248155006E-4
00000000000000000678,140303,6.875410781161847E-4
000000000000000006cc,140308,0.0010656852293223903
0000000000000000017a,150119,4.894133279364498E-4
000000000000000001aa,150102,4.1359640299234914E-4
00000000000000000220,150131,
00000000000000000221,150120,
00000000000000000223,150130,6.18230993282159E-4
00000000000000000224,150116,
00000000000000000225,150140,6.18230993282159E-4
00000000000000000228,150121,
0000000000000000023f,150139,
000000000000000002bb,150106,7.528977411721777E-4
000000000000000003ec,150113,
00000000000000000405,150124,
00000000000000000406,150138,
0000000000000000040d,150108,
00000000000000000410,150104,
00000000000000000412,150143,5.454632266961709E-4
00000000000000000413,150133,
00000000000000000418,150122,
0000000000000000041b,150141,
00000000000000000459,150127,6.596274640255433E-4
00000000000000000460,150134,6.18230993282159E-4
00000000000000000461,150136,
00000000000000000474,150142,
00000000000000000475,150126,5.439387995405326E-4
000000000000000004b2,150129,6.62365509155341E-4
000000000000000004c4,150123,5.487535774676148E-4
000000000000000004c6,150115,6.18230993282159E-4
000000000000000004c7,150114,6.237282588075619E-4
000000000000000004c9,150105,
000000000000000004d3,150137,6.18230993282159E-4
000000000000000004d6,150109,7.530730303784668E-4
0000000000000000050a,150101,
0000000000000000050b,150111,6.18230993282159E-4
0000000000000000050c,150128,
0000000000000000050d,150103,6.629985995276454E-4
0000000000000000050e,150107,0.0010561614186246654
0000000000000000050f,150112,4.087372348498448E-4
00000000000000000511,150135,4.087372348498448E-4
00000000000000000512,150117,4.087372348498448E-4
00000000000000000513,150110,4.1365258888747755E-4
00000000000000000514,150118,0.0011486482090570596
00000000000000000515,150132,5.736518088154683E-4
00000000000000000517,150125,3.6985503388526253E-4
000000000000000002d8,150205,3.9686538343223647E-4
000000000000000002d9,150204,5.02583213565597E-4
000000000000000002da,150201,4.7329277154806095E-4
000000000000000002de,150203,5.659474432283073E-4
000000000000000002e0,150202,9.311692555791008E-4
00000000000000000147,150304,0.00470793635493429
000000000000000002ea,150303,0.005055072214100859
000000000000000002eb,150305,0.0032618043646413493
000000000000000005a4,150301,0.0053402033131106285
000000000000000005a7,150302,0.005107988822980101
000000000000000002b4,150407,0.0023950032418390724
000000000000000002b9,150405,0.005082672211576763
000000000000000004f3,150403,0.003486484926282363
000000000000000004f4,150401,0.005617929974186425
000000000000000004fc,150406,0.006308558975347317
00000000000000000502,150404,0.005591025547217683
00000000000000000525,150402,0.004021356165809631
00000000000000000176,150510,4.988364271986534E-4
00000000000000000177,150511,0.0015403396569148168
0000000000000000019d,150508,8.196838585628128E-4
000000000000000001a1,150504,4.5808756516828845E-4
000000000000000001a2,150516,0.0025327667096818156
000000000000000001a6,150512,5.493760069691924E-4
00000000000000000213,150515,6.291355993915399E-4
000000000000000003df,150502,5.10526913274692E-4
000000000000000003e9,150509,4.943320234567006E-4
000000000000000003eb,150513,
00000000000000000447,150514,3.828529610318434E-4
0000000000000000044c,150507,3.9016062513843295E-4
000000000000000004a3,150501,3.681322757479059E-4
000000000000000004ac,150506,6.858732672173503E-4
000000000000000004b8,150503,8.405085753820629E-4
000000000000000004c2,150505,6.832433477877334E-4
000000000000000001d1,150602,0.006411594101900064
000000000000000001d7,150607,0.00521265635141889
000000000000000001d9,150606,0.003864145029894051
000000000000000001de,150610,0.0057021766680512564
000000000000000001e0,150612,0.006349247557447043
000000000000000003f4,150609,0.0070913297284913735
000000000000000003f5,150601,0.0011551480577190864
000000000000000004f6,150605,7.288647448112725E-4
000000000000000004f9,150604,0.0013720346486063668
00000000000000000500,150611,0.0047138424365948004
00000000000000000504,150603,0.006833642988342422
00000000000000000508,150608,0.00619405223834283
00000000000000000162,150705,0.005491531157728775
00000000000000000199,150727,0.0041505210357733946
000000000000000001b6,150729,0.00515312874063688
000000000000000001b8,150702,0.0022270761458105127
0000000000000000020e,150720,0.005451667658980367
00000000000000000210,150709,0.004569957272386807
00000000000000000241,150703,0.00443463150210189
000000000000000002b3,150704,0.005408807274395224
0000000000000000030b,150717,0.004986547122701567
0000000000000000032e,150723,0.005119664882127994
0000000000000000032f,150728,0.0030595235950300194
00000000000000000400,150730,0.004049276294512474
00000000000000000401,150715,0.004941349669965982
00000000000000000403,150721,0.005005393202579625
0000000000000000040f,150726,0.0038545471026582017
00000000000000000411,150731,0.001079249870531748
00000000000000000416,150711,0.0029591735786756498
00000000000000000419,150706,0.0021042288044376043
0000000000000000041e,150718,0.005317567777799048
0000000000000000042c,150732,0.006122757128586323
0000000000000000045b,150713,0.002160083100620669
000000000000000004a6,150714,0.0027417169334754735
000000000000000004c3,150710,0.003754933940822737
000000000000000004cd,150725,0.005004373795149389
000000000000000004e6,150724,0.004717513763344402
000000000000000004ea,150701,0.006105992650795082
000000000000000004eb,150708,0.005225633071511888
000000000000000004ed,150712,0.00502497647247717
0000000000000000051c,150722,0.005711494586830438
0000000000000000051d,150719,0.005496013209384687
0000000000000000051e,150716,0.0020318259023282513
00000000000000000523,150707,0.004488089045194593
000000000000000001d8,150801,5.245454744122438E-4
000000000000000001da,150803,
000000000000000001db,150805,
000000000000000001dd,150810,4.5604230145576886E-4
000000000000000002cb,150812,2.838562069218104E-4
000000000000000002cc,150809,0.005383796807918748
000000000000000002cd,150804,0.005217905556018515
000000000000000002db,150802,0.0020013227970708727
0000000000000000042f,150807,0.004753047546865285
00000000000000000435,150811,0.0014119657647183985
00000000000000000436,150806,4.738582294271099E-4
00000000000000000518,150808,0.004630527172581156
000000000000000002bc,150904,0.0031798001301445414
000000000000000002bd,150906,0.005285614970250289
000000000000000002be,150905,0.004305346428156483
000000000000000002c5,150903,0.004914017413427223
000000000000000002c7,150902,0.005057831831540153
000000000000000002d5,150901,0.005165603647506693
0000000000000000015b,151011,0.004906844004523304
0000000000000000015e,151027,0.0020604455830606216
0000000000000000019f,151015,0.00330169431836075
000000000000000001a7,151019,0.004866752869491992
00000000000000000227,151033,0.004627276247976954
000000000000000003de,151012,0.004850478416265947
000000000000000003e0,151008,0.004615012715953772
000000000000000003e1,151006,0.004556749224847166
000000000000000003e3,151023,0.0045304838229723475
000000000000000003ea,151031,0.004921302103487323
000000000000000003ee,151020,0.004465338585197059
000000000000000003f2,151032,0.0042621622280332
000000000000000003f3,151009,0.0028306513394105656
000000000000000003f9,151029,0.0013197513735617665
00000000000000000404,151003,0.003119067582237693
00000000000000000417,151021,0.004595964012765564
0000000000000000044e,151005,0.0029129523860670745
00000000000000000451,151010,0.0039816841699070625
00000000000000000453,151004,0.00383533754928387
00000000000000000454,151025,0.002349507681853785
00000000000000000455,151024,0.003863857484460103
00000000000000000457,151002,0.004595863856663264
00000000000000000458,151017,0.004419734280314754
0000000000000000045c,151026,0.004514613338063946
000000000000000004af,151022,0.0017096284564748691
000000000000000004b0,151016,0.004788886435460909
000000000000000004b3,151001,0.004238247005547641
000000000000000004bb,151013,0.003094728407000665
000000000000000004be,151018,0.004669362244489433
000000000000000004bf,151007,0.004665505425409697
000000000000000004d1,151030,0.004586623092790595
000000000000000004da,151014,0.004742820787139158
000000000000000004db,151028,0.004884481027936551
0000000000000000022f,160113,0.007882336259088896
00000000000000000230,160101,0.007819769904649455
000000000000000002a3,160102,0.008021428420717687
000000000000000002a4,160106,0.007970295941189663
000000000000000002a7,160107,0.008152596575868754
000000000000000002a9,160110,0.008349348413857684
0000000000000000067d,160112,0.007707484063642861
00000000000000000683,160104,0.00805539052455894
00000000000000000685,160108,0.008041402921393746
0000000000000000068b,160103,0.007724559904542439
0000000000000000068f,160105,0.008066560404335822
000000000000000002e2,160206,0.00793906838245339
000000000000000002e4,160205,0.007305443766354624
000000000000000002e6,160202,0.007116498515828047
0000000000000000062e,160211,0.007345958153520509
00000000000000000635,160201,0.006385316572540065
00000000000000000648,160210,0.007081601380437952
00000000000000000268,160302,0.007539804242911247
000000000000000002a5,160304,0.008103684474561904
000000000000000002a6,160303,0.008008326348982773
000000000000000002e3,160305,0.007831745877757377
00000000000000000689,160301,0.007583266462246548
00000000000000000267,160403,0.00771969690993731
0000000000000000068c,160404,0.008173635510633128
0000000000000000068d,160401,0.008368456466164144
00000000000000000690,160402,0.008267630727831593
00000000000000000260,160502,0.006640599454324937
0000000000000000032b,160511,0.006878316765956705
0000000000000000032c,160501,0.007246675308432692
0000000000000000032d,160507,0.007344626420992991
0000000000000000034d,160505,0.0071993818021829845
000000000000000004dd,160510,0.007317068024844321
00000000000000000638,160509,0.006946865371618464
00000000000000000639,160508,0.006744198407448743
00000000000000000647,160504,0.007044827616232009
0000000000000000064b,160503,0.007047048084401193
0000000000000000064d,160506,0.0072755933125448966
0000000000000000000a,160601,0.00814802584424887
0000000000000000015a,160603,0.007184229964776481
0000000000000000027e,160606,0.006562263604813282
000000000000000005a0,160602,0.006608132012097925
00000000000000000604,160604,0.00708284419702354
0000000000000000065b,160605,0.00687110981382425
00000000000000000266,160703,0.00881250957454252
0000000000000000026b,160701,0.008260353155608642
000000000000000002a2,160706,0.008353736247575126
000000000000000002e5,160702,0.0075373555817504975
0000000000000000068e,160705,0.008541820264817583
00000000000000000691,160704,0.009316077669706808
000000000000000002a8,160801,0.00810659016383051
000000000000000002aa,160803,0.008578400086408571
0000000000000000072c,160804,0.008411229546289058
0000000000000000072d,160802,0.008242721124013683
000000000000000001e1,170101,0.006781134540134282
000000000000000002c3,170104,0.0077279847714554996
000000000000000003e6,170102,0.008737305443111652
000000000000000004f7,170103,0.0062935790887434446
00000000000000000424,170201,0.009430741930949841
0000000000000000045e,170203,0.009657808789151292
0000000000000000049a,170204,0.012873919245567677
00000000000000000501,170202,0.006374438306841667
000000000000000001d2,170302,0.005488447619976048
000000000000000004fe,170303,0.0059253035113877184
000000000000000005c9,170301,0.005450095052161175
00000000000000000035,180104,0.0011479290858608122
0000000000000000003f,180106,0.0019077080513294925
00000000000000000040,180101,4.2360579144730864E-4
00000000000000000041,180103,0.00240281373541759
0000000000000000004a,180105,0.002416938087961078
00000000000000000053,180102,0.002656025462629487
00000000000000000045,180205,6.14482303796163E-4
00000000000000000047,180209,0.0017631060002074078
0000000000000000004e,180201,0.0016529186094409465
00000000000000000054,180208,0.0014394551618624651
00000000000000000056,180203,0.0017677887610216562
00000000000000000065,180207,0.002213093711906591
0000000000000000006d,180202,0.002531117581881077
00000000000000000075,180206,0.002533702670098324
0000000000000000007d,180211,0.0024977838874958567
00000000000000000084,180204,0.00273597433930704
00000000000000000086,180210,0.002430253427750624
00000000000000000022,180301,1.5843229629885708E-4
0000000000000000002a,180302,1.3760842383956685E-4
00000000000000000030,180303,1.468797364323028E-4
00000000000000000145,190113,0.004021067404540362
00000000000000000298,190102,0.005858895808601002
00000000000000000299,190110,0.00468258051629763
000000000000000002bf,190104,0.0045529469380326815
000000000000000002c0,190111,0.0038615155075066234
000000000000000002c6,190101,0.0039090369389961546
000000000000000002c9,190105,0.0042791886440050305
000000000000000002cf,190112,0.004012422866271004
000000000000000002e9,190109,0.004200545898690671
000000000000000002ec,190107,0.005627210821378556
0000000000000000030d,190108,0.004084117674615653
000000000000000005bd,190103,0.004143271675473335
000000000000000005c0,190106,0.004008798274685911
00000000000000000146,190208,0.004307473415561219
00000000000000000148,190203,0.004267418133982701
000000000000000002d6,190201,0.004643536012062692
000000000000000005a6,190204,0.004063569561437778
000000000000000005bf,190205,0.004542596787969018
000000000000000005c1,190207,0.004270388214155628
000000000000000005c4,190206,0.004137531875664652
000000000000000005c5,190202,0.004185793875032701
0000000000000000012e,190308,0.008262053824827092
00000000000000000195,190304,0.010232093831273742
000000000000000001f3,190303,0.0075185420921983995
000000000000000001f4,190305,0.009016285194763796
000000000000000001f5,190306,0.007186812180410486
00000000000000000295,190302,0.008664612165401443
00000000000000000296,190301,0.011111195671155939
00000000000000000297,190307,0.009757501126051385
00000000000000000272,200108,5.764499075781083E-4
00000000000000000275,200107,6.937114544803343E-4
00000000000000000279,200110,4.871500969836029E-4
0000000000000000027a,200109,5.870468947520967E-4
0000000000000000069f,200105,8.257309249587691E-4
000000000000000006a0,200115,8.347319533730797E-4
000000000000000006a7,200101,8.863948782476022E-4
000000000000000006a8,200104,9.124182174839237E-4
000000000000000006ba,200114,0.0016533824452473016
000000000000000006be,200111,0.0021546932423522915
000000000000000006b3,200202,0.006540470120666995
000000000000000006b6,200206,0.009135022372675779
000000000000000006b8,200208,0.006466791128629198
000000000000000006b9,200204,0.009963830867745261
000000000000000006bf,200205,0.009310105389663469
000000000000000006c0,200207,0.005197679872566265
000000000000000006c1,200209,0.008426721780225499
000000000000000006c2,200203,0.008235979649153883
000000000000000006c3,200201,0.008269627758104836
000000000000000006c6,200210,0.003632132200171873
0000000000000000026f,200304,0.003940895597032355
00000000000000000274,200306,0.004288950166322537
00000000000000000276,200308,0.0052221380477277075
00000000000000000278,200307,0.005571528362899074
0000000000000000069d,200302,0.004577042869423309
000000000000000006a1,200305,0.005413101331568323
000000000000000006a5,200301,0.005606145652185917
000000000000000006b0,200303,0.006494646142095447
00000000000000000277,200406,0.0026872999964536195
0000000000000000069b,200407,0.004263346908362763
0000000000000000069c,200402,0.003278133120184209
0000000000000000069e,200404,0.0014522036129000996
000000000000000006a2,200408,0.0057678083255484425
000000000000000006a3,200410,0.005737390052464808
000000000000000006a4,200405,0.0034225212981944648
000000000000000006a6,200403,0.007277632065728474
000000000000000006a9,200409,0.00630677960171085
000000000000000006aa,200401,0.0019482622316448596
000000000000000006ac,200503,4.5540642110494887E-4
000000000000000006ad,200505,5.368261205014177E-4
000000000000000006af,200504,4.506030365686418E-4
000000000000000006b2,200507,4.6190708411052996E-4
000000000000000006b4,200502,4.955831878274569E-4
000000000000000006b5,200506,5.289637406741129E-4
000000000000000006cd,200501,4.377209357016029E-4
000000000000000006ab,200606,7.123643568932104E-4
000000000000000006ae,200602,9.504274536640764E-4
000000000000000006b1,200608,9.614690621969722E-4
000000000000000006b7,200603,6.424303503430408E-4
000000000000000006bb,200601,0.0010174794363885203
000000000000000006bc,200607,0.0011232951976190958
000000000000000006c8,200605,0.0013484823469439016
000000000000000006cb,200604,0.0019389443497266382
000000000000000006bd,200703,5.410124454500566E-4
000000000000000006c4,200701,7.499095654035449E-4
000000000000000006c5,200704,6.189764230159666E-4
000000000000000006c7,200702,7.749579624885606E-4
000000000000000006c9,200705,7.980499094260783E-4
000000000000000006ca,200706,8.788789535260056E-4
0000000000000000026d,200804,4.954139041139783E-4
0000000000000000026e,200806,4.5288890926973826E-4
00000000000000000270,200803,4.941758562785156E-4
00000000000000000271,200802,4.6369759734063773E-4
00000000000000000273,200805,4.3910396444671367E-4
000000000000000006ce,200801,4.8484632153140413E-4
00000000000000000085,210113,0.003333198926068562
00000000000000000087,210111,0.003140071750330288
0000000000000000008b,210106,0.003427830383582707
00000000000000000090,210101,0.0034467907753273916
00000000000000000091,210114,0.003401286055380292
00000000000000000099,210110,0.003291225322437255
0000000000000000009d,210104,0.0032334956300026415
000000000000000000a0,210107,0.0033260091123757073
000000000000000000a4,210108,0.0032073246776421174
000000000000000000b2,210105,0.0036976728771140038
00000000000000000104,210102,0.0030922607032129444
00000000000000000105,210109,0.003217752441711285
00000000000000000106,210115,0.0034227425354968703
00000000000000000308,210103,0.003952941164271901
000000000000000003d5,210112,0.0033568790717502044
000000000000000000d6,210201,0.003488284137941533
00000000000000000122,210215,0.003632947989066358
0000000000000000012a,210204,0.003550949213648505
00000000000000000164,210213,0.0034544927825880074
00000000000000000312,210205,0.0031134873686991813
00000000000000000315,210210,0.0030288830416378442
0000000000000000031b,210202,0.003334006711554374
00000000000000000326,210206,0.003259797998898582
00000000000000000357,210214,0.00351432582188531
00000000000000000359,210207,0.003638593788961207
0000000000000000035b,210203,0.0033798550400048347
0000000000000000035e,210208,0.003443347888485341
00000000000000000367,210209,0.0034785786150695486
00000000000000000371,210211,0.0036348430912749355
0000000000000000038c,210212,0.003466320896155556
000000000000000000ff,210308,0.00769445028265496
00000000000000000170,210302,0.0038457870520971467
00000000000000000180,210304,0.011252782832123222
000000000000000001ae,210307,0.00935445671673667
00000000000000000383,210310,0.005258883484894847
00000000000000000393,210306,0.0038513897607078754
000000000000000003aa,210305,0.004464882715719292
000000000000000003b9,210301,0.004262111055456795
00000000000000000495,210309,0.014038266267099997
0000000000000000049d,210303,0.013101720392792079
00000000000000000042,210405,0.0027155137506803817
00000000000000000049,210404,0.0027790025428959665
0000000000000000004b,210402,0.0028546543981571772
00000000000000000057,210403,0.0030668616704018713
00000000000000000069,210407,0.0029080838749132886
00000000000000000073,210406,0.0033006752803776147
0000000000000000007b,210401,0.0032892883588687234
0000000000000000003c,210502,0.0024828027987410686
0000000000000000004f,210504,0.002623304251052957
0000000000000000005c,210505,0.002948107205152648
00000000000000000083,210503,0.003329100234734977
00000000000000000130,210501,0.0030814433936294794
000000000000000000bb,210605,0.0030691326602208433
0000000000000000010a,210607,0.003000053717862164
00000000000000000125,210602,0.0035782475869823773
00000000000000000167,210604,0.0035649677273465975
00000000000000000320,210606,0.003127678595740344
00000000000000000324,210601,0.003161678462064787
00000000000000000325,210608,0.0033171233327408387
0000000000000000035a,210603,0.0034367036008974556
000000000000000000b3,210702,0.0033560787948028335
000000000000000000c0,210709,0.0034536564348366344
00000000000000000168,210708,0.00394080339145785
000000000000000001ab,210703,0.003389625264988677
0000000000000000020d,210707,0.003976073083512088
00000000000000000314,210706,0.004461755619191195
00000000000000000318,210701,0.003844482851691359
00000000000000000319,210704,0.003626336706981815
00000000000000000322,210710,0.004419343913716768
00000000000000000327,210705,0.004310216712032368
000000000000000000d4,210809,0.003949489092819957
000000000000000000da,210801,0.003931063319856852
00000000000000000123,210803,0.003954601688938611
00000000000000000128,210807,0.0036618141443452846
00000000000000000129,210805,0.004080745167905914
0000000000000000016c,210806,0.004232142010249589
0000000000000000036c,210808,0.004297915497364937
0000000000000000038a,210804,0.003932786134981204
00000000000000000396,210802,0.0038785954293228684
000000000000000000b5,210904,0.003063628083262634
000000000000000000b7,210902,0.0032695483745049125
00000000000000000311,210901,0.0030613273580417317
0000000000000000031a,210903,0.002821119647677895
000000000000000000d9,211004,0.0035037389387709474
00000000000000000165,211003,0.0034317023009482776
0000000000000000035d,211002,0.0037757625845240834
0000000000000000035f,211001,0.0034720895288238183
00000000000000000361,211005,0.006113578035030946
0000000000000000009c,211103,0.002916346952380892
000000000000000000a6,211102,0.003230056112252875
000000000000000000b6,211104,0.0030778640783658733
000000000000000000c1,211101,0.0031772413359805905
00000000000000000750,211105,0.003114432601089879
000000000000000001bd,211204,0.005719194036358951
000000000000000001c0,211201,0.007439149021370972
000000000000000001c2,211207,0.009672458443755534
00000000000000000365,211206,0.005883683580704485
0000000000000000036d,211202,0.004388520958456384
0000000000000000038f,211208,0.008329893454044484
000000000000000003a1,211205,0.00915015035844089
000000000000000003c2,211209,0.010400335577265956
0000000000000000044a,211210,0.008511595526319846
00000000000000000467,211203,0.010371253961516655
0000000000000000006b,211303,0.0032145832976855303
00000000000000000072,211304,0.003459342739209067
00000000000000000074,211302,0.0036907994374524274
00000000000000000076,211307,0.0036182700109689977
00000000000000000077,211301,0.0034956662435259465
00000000000000000078,211305,0.0036407709317321053
0000000000000000007a,211306,0.00368352314608737
0000000000000000022a,220104,0.005707278679934751
0000000000000000025b,220102,0.0051954260621593145
0000000000000000026a,220101,0.006646584530492806
00000000000000000328,220106,0.005135184862188652
0000000000000000063c,220103,0.00535579919511321
00000000000000000645,220105,0.006175493250259566
0000000000000000027d,220205,0.006739556997071745
0000000000000000053d,220203,0.006977006945518384
00000000000000000543,220206,0.006458243893156213
00000000000000000547,220202,0.009374912092657365
00000000000000000554,220204,0.006684354140743536
00000000000000000588,220201,0.006421123605934808
0000000000000000013b,220303,0.005846960868797164
0000000000000000018f,220304,0.006374293003325574
0000000000000000061c,220305,0.005244942229055268
0000000000000000061d,220302,0.006368690665517029
00000000000000000671,220301,0.005684121929950637
000000000000000000ed,220405,0.006375755474753312
000000000000000000ef,220403,0.006401181621614445
00000000000000000294,220401,0.009322219606821948
0000000000000000053b,220406,0.006151374657773409
0000000000000000059e,220404,0.00747589263687982
00000000000000000651,220402,0.008467779317242222
0000000000000000014b,220509,0.006875860554288594
0000000000000000018a,220507,0.007672601548364539
0000000000000000023d,220510,0.005742779967980664
00000000000000000253,220506,0.006867928877637363
0000000000000000025d,220504,0.006590670808497195
0000000000000000034a,220508,0.007609434831209971
00000000000000000614,220505,0.006880783436973989
00000000000000000625,220503,0.005835958470730686
0000000000000000063d,220502,0.005246519129758414
00000000000000000655,220501,0.007164978436989727
00000000000000000679,220511,0.006530298441041343
000000000000000000eb,220601,0.006049571621857358
0000000000000000018e,220603,0.007130267018976638
00000000000000000206,220602,0.007191272071060047
0000000000000000054f,220605,0.006238362868920454
00000000000000000670,220604,0.009088796788729654
00000000000000000131,220704,0.006572288724860582
00000000000000000133,220710,0.0066790798461658606
00000000000000000136,220702,0.006864861882496243
0000000000000000052b,220708,0.006384735077919775
00000000000000000586,220701,0.006519982584260332
000000000000000005a1,220706,0.00665817213706078
000000000000000005f4,220709,0.0063666297822637125
000000000000000005f6,220703,0.00675829367393205
000000000000000005f8,220707,0.00671184888553802
00000000000000000607,220705,0.006800474596379499
00000000000000000258,220801,0.005538517151708743
0000000000000000025c,220803,0.005869225093827763
00000000000000000263,220806,0.005185915056505511
00000000000000000624,220808,0.005814482604439025
00000000000000000632,220802,0.007195715656143609
00000000000000000649,220805,0.008376778658253788
0000000000000000065a,220809,0.005160289252322703
00000000000000000660,220804,0.006442260124477224
00000000000000000686,220807,0.00502545040517895
0000000000000000014f,220909,0.006661414546285804
00000000000000000191,220914,0.006348481801406216
000000000000000001fa,220913,0.006431686809314164
000000000000000001fc,220902,0.006499784727218984
0000000000000000024a,220912,0.0075741663806148515
00000000000000000251,220911,0.006594268158986265
00000000000000000354,220901,0.007027672267140366
00000000000000000355,220903,0.007641872311155127
00000000000000000623,220906,0.006253380424673266
0000000000000000062b,220904,0.00641492010693944
00000000000000000650,220907,0.006703919002284175
00000000000000000654,220905,0.005661332825117766
0000000000000000066e,220908,0.006797490854509965
0000000000000000067b,220910,0.007195196229746136
000000000000000002fe,221002,0.006640990357504161
00000000000000000303,221004,0.009359023883152854
00000000000000000528,221005,0.007924898909866711
0000000000000000056d,221001,0.008415221086906528
000000000000000005ee,221003,0.009685786991866892
0000000000000000001b,230110,9.37398721029131E-4
0000000000000000001c,230108,9.259851572963468E-4
0000000000000000001d,230103,8.009995619391136E-4
0000000000000000001e,230101,8.404427237748066E-4
0000000000000000001f,230109,2.5302813838808564E-4
00000000000000000020,230104,6.419326677198163E-4
00000000000000000023,230102,4.794372256570357E-4
00000000000000000024,230106,0.0011056547997489352
00000000000000000028,230105,3.4272372239225806E-4
0000000000000000002b,230107,0.0017928037591417108
00000000000000000739,230111,5.794927588427818E-4
0000000000000000002d,230204,9.307114695466831E-4
0000000000000000002f,230206,0.0012434028791795974
00000000000000000032,230205,0.0013049555941436097
00000000000000000037,230202,0.0018422386070567629
0000000000000000003a,230203,0.001926814885719741
0000000000000000003d,230201,0.0023729672978834047
00000000000000000021,230303,1.5538294447833058E-4
00000000000000000029,230301,2.1897437556551763E-4
00000000000000000034,230302,7.791598298990943E-4
00000000000000000025,230404,9.795257850532199E-4
00000000000000000026,230403,0.0012957807685525689
00000000000000000027,230407,0.0017063415829277704
0000000000000000002c,230402,8.195501940587123E-4
0000000000000000002e,230405,0.001321127818836056
00000000000000000031,230401,0.0021579816711822554
00000000000000000033,230408,0.001866531512179141
00000000000000000038,230406,0.0019239162504388532
00000000000000000231,240104,0.0028379738643912016
00000000000000000233,240105,0.0024204205302224818
00000000000000000236,240103,0.0019418341024855029
0000000000000000067e,240106,0.002492637787732363
0000000000000000067f,240102,0.0019977920458144048
00000000000000000681,240101,0.00204929023601721
00000000000000000232,240201,0.0018387819178691677
00000000000000000688,240203,0.0013550480745348303
0000000000000000068a,240202,0.0023397209068649594
00000000000000000235,240303,0.003328057818952353
00000000000000000680,240304,0.002412588858172715
00000000000000000682,240302,0.0021601213036796262
00000000000000000684,240301,0.002069306574411051
00000000000000000008,250106,0.007746833714878584
00000000000000000009,250102,0.007344388062047673
0000000000000000012d,250103,0.007315761665825071
000000000000000002fa,250104,0.0067238939656586155
0000000000000000055f,250101,0.006756752993401179
00000000000000000568,250105,0.0067542213866073056
000000000000000005b6,250107,0.007489461017232934
00000000000000000155,250204,0.0060443424842153495
0000000000000000029b,250201,0.007110746197152409
000000000000000002c1,250202,0.006812438376984252
0000000000000000033a,250203,0.00759033175741104
00000000000000000002,250305,0.008989312310189634
00000000000000000003,250302,0.007765326114544859
00000000000000000004,250304,0.008893428261223605
00000000000000000005,250301,0.00950046796885631
00000000000000000006,250303,0.009194975129597422
00000000000000000596,250401,0.00563997085206913
